Time,TZ1_OFFICEL::Des Heat Load [W],TZ1_OFFICEL:MUMBAI-SHIVAJI.INTL.AP APRIL .4% CONDNS DB=>MCWB:Des Sens Cool Load [W],TZ1_OFFICEL::Des Heat Mass Flow [kg/s],TZ1_OFFICEL:MUMBAI-SHIVAJI.INTL.AP APRIL .4% CONDNS DB=>MCWB:Des Cool Mass Flow [kg/s],TZ1_OFFICEL::Des Latent Heat Load [W],TZ1_OFFICEL::Des Latent Cool Load [W],TZ1_OFFICEL::Des Latent Heat Mass Flow [kg/s],TZ1_OFFICEL::Des Latent Cool Mass Flow [kg/s],TZ1_OFFICEL::Des Heat Load No DOAS [W],TZ1_OFFICEL::Des Sens Cool Load No DOAS [W],TZ1_OFFICEL::Des Latent Heat Load No DOAS [W],TZ1_OFFICEL::Des Latent Cool Load No DOAS [W],TZ1_OFFICEL::Heating Zone Temperature [C],TZ1_OFFICEL::Heating Zone Relative Humidity [%],TZ1_OFFICEL:MUMBAI-SHIVAJI.INTL.AP APRIL .4% CONDNS DB=>MCWB:Cooling Zone Temperature [C],TZ1_OFFICEL:MUMBAI-SHIVAJI.INTL.AP APRIL .4% CONDNS DB=>MCWB:Cooling Zone Relative Humidity [%],TZ2_OFFICES::Des Heat Load [W],TZ2_OFFICES:MUMBAI-SHIVAJI.INTL.AP ANN CLG .4% CONDNS DB=>MWB:Des Sens Cool Load [W],TZ2_OFFICES::Des Heat Mass Flow [kg/s],TZ2_OFFICES:MUMBAI-SHIVAJI.INTL.AP ANN CLG .4% CONDNS DB=>MWB:Des Cool Mass Flow [kg/s],TZ2_OFFICES::Des Latent Heat Load [W],TZ2_OFFICES::Des Latent Cool Load [W],TZ2_OFFICES::Des Latent Heat Mass Flow [kg/s],TZ2_OFFICES::Des Latent Cool Mass Flow [kg/s],TZ2_OFFICES::Des Heat Load No DOAS [W],TZ2_OFFICES::Des Sens Cool Load No DOAS [W],TZ2_OFFICES::Des Latent Heat Load No DOAS [W],TZ2_OFFICES::Des Latent Cool Load No DOAS [W],TZ2_OFFICES::Heating Zone Temperature [C],TZ2_OFFICES::Heating Zone Relative Humidity [%],TZ2_OFFICES:MUMBAI-SHIVAJI.INTL.AP ANN CLG .4% CONDNS DB=>MWB:Cooling Zone Temperature [C],TZ2_OFFICES:MUMBAI-SHIVAJI.INTL.AP ANN CLG .4% CONDNS DB=>MWB:Cooling Zone Relative Humidity [%],TZ3_CONFERENCE::Des Heat Load [W],TZ3_CONFERENCE:MUMBAI-SHIVAJI.INTL.AP ANN CLG .4% CONDNS DB=>MWB:Des Sens Cool Load [W],TZ3_CONFERENCE::Des Heat Mass Flow [kg/s],TZ3_CONFERENCE:MUMBAI-SHIVAJI.INTL.AP ANN CLG .4% CONDNS DB=>MWB:Des Cool Mass Flow [kg/s],TZ3_CONFERENCE::Des Latent Heat Load [W],TZ3_CONFERENCE::Des Latent Cool Load [W],TZ3_CONFERENCE::Des Latent Heat Mass Flow [kg/s],TZ3_CONFERENCE::Des Latent Cool Mass Flow [kg/s],TZ3_CONFERENCE::Des Heat Load No DOAS [W],TZ3_CONFERENCE::Des Sens Cool Load No DOAS [W],TZ3_CONFERENCE::Des Latent Heat Load No DOAS [W],TZ3_CONFERENCE::Des Latent Cool Load No DOAS [W],TZ3_CONFERENCE::Heating Zone Temperature [C],TZ3_CONFERENCE::Heating Zone Relative Humidity [%],TZ3_CONFERENCE:MUMBAI-SHIVAJI.INTL.AP ANN CLG .4% CONDNS DB=>MWB:Cooling Zone Temperature [C],TZ3_CONFERENCE:MUMBAI-SHIVAJI.INTL.AP ANN CLG .4% CONDNS DB=>MWB:Cooling Zone Relative Humidity [%],TZ4_KITCHEN::Des Heat Load [W],TZ4_KITCHEN:MUMBAI-SHIVAJI.INTL.AP ANN CLG .4% CONDNS DB=>MWB:Des Sens Cool Load [W],TZ4_KITCHEN::Des Heat Mass Flow [kg/s],TZ4_KITCHEN:MUMBAI-SHIVAJI.INTL.AP ANN CLG .4% CONDNS DB=>MWB:Des Cool Mass Flow [kg/s],TZ4_KITCHEN::Des Latent Heat Load [W],TZ4_KITCHEN::Des Latent Cool Load [W],TZ4_KITCHEN::Des Latent Heat Mass Flow [kg/s],TZ4_KITCHEN::Des Latent Cool Mass Flow [kg/s],TZ4_KITCHEN::Des Heat Load No DOAS [W],TZ4_KITCHEN::Des Sens Cool Load No DOAS [W],TZ4_KITCHEN::Des Latent Heat Load No DOAS [W],TZ4_KITCHEN::Des Latent Cool Load No DOAS [W],TZ4_KITCHEN::Heating Zone Temperature [C],TZ4_KITCHEN::Heating Zone Relative Humidity [%],TZ4_KITCHEN:MUMBAI-SHIVAJI.INTL.AP ANN CLG .4% CONDNS DB=>MWB:Cooling Zone Temperature [C],TZ4_KITCHEN:MUMBAI-SHIVAJI.INTL.AP ANN CLG .4% CONDNS DB=>MWB:Cooling Zone Relative Humidity [%],TZ5_OFFICEM::Des Heat Load [W],TZ5_OFFICEM:MUMBAI-SHIVAJI.INTL.AP APRIL .4% CONDNS DB=>MCWB:Des Sens Cool Load [W],TZ5_OFFICEM::Des Heat Mass Flow [kg/s],TZ5_OFFICEM:MUMBAI-SHIVAJI.INTL.AP APRIL .4% CONDNS DB=>MCWB:Des Cool Mass Flow [kg/s],TZ5_OFFICEM::Des Latent Heat Load [W],TZ5_OFFICEM::Des Latent Cool Load [W],TZ5_OFFICEM::Des Latent Heat Mass Flow [kg/s],TZ5_OFFICEM::Des Latent Cool Mass Flow [kg/s],TZ5_OFFICEM::Des Heat Load No DOAS [W],TZ5_OFFICEM::Des Sens Cool Load No DOAS [W],TZ5_OFFICEM::Des Latent Heat Load No DOAS [W],TZ5_OFFICEM::Des Latent Cool Load No DOAS [W],TZ5_OFFICEM::Heating Zone Temperature [C],TZ5_OFFICEM::Heating Zone Relative Humidity [%],TZ5_OFFICEM:MUMBAI-SHIVAJI.INTL.AP APRIL .4% CONDNS DB=>MCWB:Cooling Zone Temperature [C],TZ5_OFFICEM:MUMBAI-SHIVAJI.INTL.AP APRIL .4% CONDNS DB=>MCWB:Cooling Zone Relative Humidity [%],TZ6_BREAKROOM::Des Heat Load [W],TZ6_BREAKROOM:MUMBAI-SHIVAJI.INTL.AP ANN CLG .4% CONDNS DB=>MWB:Des Sens Cool Load [W],TZ6_BREAKROOM::Des Heat Mass Flow [kg/s],TZ6_BREAKROOM:MUMBAI-SHIVAJI.INTL.AP ANN CLG .4% CONDNS DB=>MWB:Des Cool Mass Flow [kg/s],TZ6_BREAKROOM::Des Latent Heat Load [W],TZ6_BREAKROOM::Des Latent Cool Load [W],TZ6_BREAKROOM::Des Latent Heat Mass Flow [kg/s],TZ6_BREAKROOM::Des Latent Cool Mass Flow [kg/s],TZ6_BREAKROOM::Des Heat Load No DOAS [W],TZ6_BREAKROOM::Des Sens Cool Load No DOAS [W],TZ6_BREAKROOM::Des Latent Heat Load No DOAS [W],TZ6_BREAKROOM::Des Latent Cool Load No DOAS [W],TZ6_BREAKROOM::Heating Zone Temperature [C],TZ6_BREAKROOM::Heating Zone Relative Humidity [%],TZ6_BREAKROOM:MUMBAI-SHIVAJI.INTL.AP ANN CLG .4% CONDNS DB=>MWB:Cooling Zone Temperature [C],TZ6_BREAKROOM:MUMBAI-SHIVAJI.INTL.AP ANN CLG .4% CONDNS DB=>MWB:Cooling Zone Relative Humidity [%]
00:30:00,0.000000E+00,1.876518E+04,0.000000E+00,1.671867E+00,0.000000E+00,0.000000E+00,0.000000E+00,0.000000E+00,0.000000E+00,0.000000E+00,0.000000E+00,0.000000E+00,0.000000E+00,0.000000E+00,2.499687E+01,4.368773E+01,0.000000E+00,1.787956E+04,0.000000E+00,1.592665E+00,0.000000E+00,0.000000E+00,0.000000E+00,0.000000E+00,0.000000E+00,0.000000E+00,0.000000E+00,0.000000E+00,0.000000E+00,0.000000E+00,2.499909E+01,4.312457E+01,0.000000E+00,9.239017E+03,0.000000E+00,8.230442E-01,0.000000E+00,0.000000E+00,0.000000E+00,0.000000E+00,0.000000E+00,0.000000E+00,0.000000E+00,0.000000E+00,0.000000E+00,0.000000E+00,2.499827E+01,4.330551E+01,0.000000E+00,4.600446E+03,0.000000E+00,4.098065E-01,0.000000E+00,0.000000E+00,0.000000E+00,0.000000E+00,0.000000E+00,0.000000E+00,0.000000E+00,0.000000E+00,0.000000E+00,0.000000E+00,2.499878E+01,4.326851E+01,0.000000E+00,1.810026E+04,0.000000E+00,1.612534E+00,0.000000E+00,0.000000E+00,0.000000E+00,0.000000E+00,0.000000E+00,0.000000E+00,0.000000E+00,0.000000E+00,0.000000E+00,0.000000E+00,2.499754E+01,4.342505E+01,0.000000E+00,4.962623E+03,0.000000E+00,4.421091E-01,0.000000E+00,0.000000E+00,0.000000E+00,0.000000E+00,0.000000E+00,0.000000E+00,0.000000E+00,0.000000E+00,0.000000E+00,0.000000E+00,2.499771E+01,4.343646E+01
01:00:00,0.000000E+00,1.869989E+04,0.000000E+00,1.666103E+00,0.000000E+00,0.000000E+00,0.000000E+00,0.000000E+00,0.000000E+00,0.000000E+00,0.000000E+00,0.000000E+00,0.000000E+00,0.000000E+00,2.499663E+01,4.369426E+01,0.000000E+00,1.786950E+04,0.000000E+00,1.591787E+00,0.000000E+00,0.000000E+00,0.000000E+00,0.000000E+00,0.000000E+00,0.000000E+00,0.000000E+00,0.000000E+00,0.000000E+00,0.000000E+00,2.499897E+01,4.312501E+01,0.000000E+00,9.224535E+03,0.000000E+00,8.217703E-01,0.000000E+00,0.000000E+00,0.000000E+00,0.000000E+00,0.000000E+00,0.000000E+00,0.000000E+00,0.000000E+00,0.000000E+00,0.000000E+00,2.499810E+01,4.330771E+01,0.000000E+00,4.593256E+03,0.000000E+00,4.091714E-01,0.000000E+00,0.000000E+00,0.000000E+00,0.000000E+00,0.000000E+00,0.000000E+00,0.000000E+00,0.000000E+00,0.000000E+00,0.000000E+00,2.499867E+01,4.327061E+01,0.000000E+00,1.805998E+04,0.000000E+00,1.608991E+00,0.000000E+00,0.000000E+00,0.000000E+00,0.000000E+00,0.000000E+00,0.000000E+00,0.000000E+00,0.000000E+00,0.000000E+00,0.000000E+00,2.499729E+01,4.342870E+01,0.000000E+00,4.951194E+03,0.000000E+00,4.411017E-01,0.000000E+00,0.000000E+00,0.000000E+00,0.000000E+00,0.000000E+00,0.000000E+00,0.000000E+00,0.000000E+00,0.000000E+00,0.000000E+00,2.499750E+01,4.343995E+01
01:30:00,0.000000E+00,1.864048E+04,0.000000E+00,1.660840E+00,0.000000E+00,0.000000E+00,0.000000E+00,0.000000E+00,0.000000E+00,0.000000E+00,0.000000E+00,0.000000E+00,0.000000E+00,0.000000E+00,2.499647E+01,4.369980E+01,0.000000E+00,1.786020E+04,0.000000E+00,1.590974E+00,0.000000E+00,0.000000E+00,0.000000E+00,0.000000E+00,0.000000E+00,0.000000E+00,0.000000E+00,0.000000E+00,0.000000E+00,0.000000E+00,2.499887E+01,4.312533E+01,0.000000E+00,9.211056E+03,0.000000E+00,8.205809E-01,0.000000E+00,0.000000E+00,0.000000E+00,0.000000E+00,0.000000E+00,0.000000E+00,0.000000E+00,0.000000E+00,0.000000E+00,0.000000E+00,2.499797E+01,4.330864E+01,0.000000E+00,4.586130E+03,0.000000E+00,4.085402E-01,0.000000E+00,0.000000E+00,0.000000E+00,0.000000E+00,0.000000E+00,0.000000E+00,0.000000E+00,0.000000E+00,0.000000E+00,0.000000E+00,2.499859E+01,4.327167E+01,0.000000E+00,1.802320E+04,0.000000E+00,1.605745E+00,0.000000E+00,0.000000E+00,0.000000E+00,0.000000E+00,0.000000E+00,0.000000E+00,0.000000E+00,0.000000E+00,0.000000E+00,0.000000E+00,2.499712E+01,4.343044E+01,0.000000E+00,4.940640E+03,0.000000E+00,4.401685E-01,0.000000E+00,0.000000E+00,0.000000E+00,0.000000E+00,0.000000E+00,0.000000E+00,0.000000E+00,0.000000E+00,0.000000E+00,0.000000E+00,2.499736E+01,4.344152E+01
02:00:00,0.000000E+00,1.858466E+04,0.000000E+00,1.655887E+00,0.000000E+00,0.000000E+00,0.000000E+00,0.000000E+00,0.000000E+00,0.000000E+00,0.000000E+00,0.000000E+00,0.000000E+00,0.000000E+00,2.499636E+01,4.370211E+01,0.000000E+00,1.785137E+04,0.000000E+00,1.590200E+00,0.000000E+00,0.000000E+00,0.000000E+00,0.000000E+00,0.000000E+00,0.000000E+00,0.000000E+00,0.000000E+00,0.000000E+00,0.000000E+00,2.499879E+01,4.312560E+01,0.000000E+00,9.198378E+03,0.000000E+00,8.194595E-01,0.000000E+00,0.000000E+00,0.000000E+00,0.000000E+00,0.000000E+00,0.000000E+00,0.000000E+00,0.000000E+00,0.000000E+00,0.000000E+00,2.499788E+01,4.330919E+01,0.000000E+00,4.578948E+03,0.000000E+00,4.079027E-01,0.000000E+00,0.000000E+00,0.000000E+00,0.000000E+00,0.000000E+00,0.000000E+00,0.000000E+00,0.000000E+00,0.000000E+00,0.000000E+00,2.499854E+01,4.327206E+01,0.000000E+00,1.798846E+04,0.000000E+00,1.602672E+00,0.000000E+00,0.000000E+00,0.000000E+00,0.000000E+00,0.000000E+00,0.000000E+00,0.000000E+00,0.000000E+00,0.000000E+00,0.000000E+00,2.499699E+01,4.343146E+01,0.000000E+00,4.930543E+03,0.000000E+00,4.392737E-01,0.000000E+00,0.000000E+00,0.000000E+00,0.000000E+00,0.000000E+00,0.000000E+00,0.000000E+00,0.000000E+00,0.000000E+00,0.000000E+00,2.499726E+01,4.344249E+01
02:30:00,0.000000E+00,1.853165E+04,0.000000E+00,1.651177E+00,0.000000E+00,0.000000E+00,0.000000E+00,0.000000E+00,0.000000E+00,0.000000E+00,0.000000E+00,0.000000E+00,0.000000E+00,0.000000E+00,2.499628E+01,4.370400E+01,0.000000E+00,1.784294E+04,0.000000E+00,1.589461E+00,0.000000E+00,0.000000E+00,0.000000E+00,0.000000E+00,0.000000E+00,0.000000E+00,0.000000E+00,0.000000E+00,0.000000E+00,0.000000E+00,2.499872E+01,4.312584E+01,0.000000E+00,9.186351E+03,0.000000E+00,8.183938E-01,0.000000E+00,0.000000E+00,0.000000E+00,0.000000E+00,0.000000E+00,0.000000E+00,0.000000E+00,0.000000E+00,0.000000E+00,0.000000E+00,2.499782E+01,4.330976E+01,0.000000E+00,4.571785E+03,0.000000E+00,4.072661E-01,0.000000E+00,0.000000E+00,0.000000E+00,0.000000E+00,0.000000E+00,0.000000E+00,0.000000E+00,0.000000E+00,0.000000E+00,0.000000E+00,2.499851E+01,4.327249E+01,0.000000E+00,1.795529E+04,0.000000E+00,1.599731E+00,0.000000E+00,0.000000E+00,0.000000E+00,0.000000E+00,0.000000E+00,0.000000E+00,0.000000E+00,0.000000E+00,0.000000E+00,0.000000E+00,2.499691E+01,4.343251E+01,0.000000E+00,4.920832E+03,0.000000E+00,4.384117E-01,0.000000E+00,0.000000E+00,0.000000E+00,0.000000E+00,0.000000E+00,0.000000E+00,0.000000E+00,0.000000E+00,0.000000E+00,0.000000E+00,2.499720E+01,4.344352E+01
03:00:00,0.000000E+00,1.848155E+04,0.000000E+00,1.646723E+00,0.000000E+00,0.000000E+00,0.000000E+00,0.000000E+00,0.000000E+00,0.000000E+00,0.000000E+00,0.000000E+00,0.000000E+00,0.000000E+00,2.499623E+01,4.370609E+01,0.000000E+00,1.783495E+04,0.000000E+00,1.588758E+00,0.000000E+00,0.000000E+00,0.000000E+00,0.000000E+00,0.000000E+00,0.000000E+00,0.000000E+00,0.000000E+00,0.000000E+00,0.000000E+00,2.499866E+01,4.312604E+01,0.000000E+00,9.175009E+03,0.000000E+00,8.173873E-01,0.000000E+00,0.000000E+00,0.000000E+00,0.000000E+00,0.000000E+00,0.000000E+00,0.000000E+00,0.000000E+00,0.000000E+00,0.000000E+00,2.499777E+01,4.331026E+01,0.000000E+00,4.564734E+03,0.000000E+00,4.066389E-01,0.000000E+00,0.000000E+00,0.000000E+00,0.000000E+00,0.000000E+00,0.000000E+00,0.000000E+00,0.000000E+00,0.000000E+00,0.000000E+00,2.499849E+01,4.327295E+01,0.000000E+00,1.792374E+04,0.000000E+00,1.596932E+00,0.000000E+00,0.000000E+00,0.000000E+00,0.000000E+00,0.000000E+00,0.000000E+00,0.000000E+00,0.000000E+00,0.000000E+00,0.000000E+00,2.499684E+01,4.343348E+01,0.000000E+00,4.911539E+03,0.000000E+00,4.375860E-01,0.000000E+00,0.000000E+00,0.000000E+00,0.000000E+00,0.000000E+00,0.000000E+00,0.000000E+00,0.000000E+00,0.000000E+00,0.000000E+00,2.499716E+01,4.344447E+01
03:30:00,0.000000E+00,1.843335E+04,0.000000E+00,1.642434E+00,0.000000E+00,0.000000E+00,0.000000E+00,0.000000E+00,0.000000E+00,0.000000E+00,0.000000E+00,0.000000E+00,0.000000E+00,0.000000E+00,2.499619E+01,4.370812E+01,0.000000E+00,1.782727E+04,0.000000E+00,1.588082E+00,0.000000E+00,0.000000E+00,0.000000E+00,0.000000E+00,0.000000E+00,0.000000E+00,0.000000E+00,0.000000E+00,0.000000E+00,0.000000E+00,2.499861E+01,4.312622E+01,0.000000E+00,9.164133E+03,0.000000E+00,8.164213E-01,0.000000E+00,0.000000E+00,0.000000E+00,0.000000E+00,0.000000E+00,0.000000E+00,0.000000E+00,0.000000E+00,0.000000E+00,0.000000E+00,2.499774E+01,4.331071E+01,0.000000E+00,4.557798E+03,0.000000E+00,4.060215E-01,0.000000E+00,0.000000E+00,0.000000E+00,0.000000E+00,0.000000E+00,0.000000E+00,0.000000E+00,0.000000E+00,0.000000E+00,0.000000E+00,2.499848E+01,4.327337E+01,0.000000E+00,1.789325E+04,0.000000E+00,1.594223E+00,0.000000E+00,0.000000E+00,0.000000E+00,0.000000E+00,0.000000E+00,0.000000E+00,0.000000E+00,0.000000E+00,0.000000E+00,0.000000E+00,2.499680E+01,4.343435E+01,0.000000E+00,4.902557E+03,0.000000E+00,4.367871E-01,0.000000E+00,0.000000E+00,0.000000E+00,0.000000E+00,0.000000E+00,0.000000E+00,0.000000E+00,0.000000E+00,0.000000E+00,0.000000E+00,2.499712E+01,4.344534E+01
04:00:00,0.000000E+00,1.838701E+04,0.000000E+00,1.638311E+00,0.000000E+00,0.000000E+00,0.000000E+00,0.000000E+00,0.000000E+00,0.000000E+00,0.000000E+00,0.000000E+00,0.000000E+00,0.000000E+00,2.499616E+01,4.371002E+01,0.000000E+00,1.781990E+04,0.000000E+00,1.587432E+00,0.000000E+00,0.000000E+00,0.000000E+00,0.000000E+00,0.000000E+00,0.000000E+00,0.000000E+00,0.000000E+00,0.000000E+00,0.000000E+00,2.499857E+01,4.312638E+01,0.000000E+00,9.153710E+03,0.000000E+00,8.154947E-01,0.000000E+00,0.000000E+00,0.000000E+00,0.000000E+00,0.000000E+00,0.000000E+00,0.000000E+00,0.000000E+00,0.000000E+00,0.000000E+00,2.499772E+01,4.331111E+01,0.000000E+00,4.551030E+03,0.000000E+00,4.054190E-01,0.000000E+00,0.000000E+00,0.000000E+00,0.000000E+00,0.000000E+00,0.000000E+00,0.000000E+00,0.000000E+00,0.000000E+00,0.000000E+00,2.499847E+01,4.327376E+01,0.000000E+00,1.786380E+04,0.000000E+00,1.591604E+00,0.000000E+00,0.000000E+00,0.000000E+00,0.000000E+00,0.000000E+00,0.000000E+00,0.000000E+00,0.000000E+00,0.000000E+00,0.000000E+00,2.499677E+01,4.343517E+01,0.000000E+00,4.893892E+03,0.000000E+00,4.360162E-01,0.000000E+00,0.000000E+00,0.000000E+00,0.000000E+00,0.000000E+00,0.000000E+00,0.000000E+00,0.000000E+00,0.000000E+00,0.000000E+00,2.499710E+01,4.344616E+01
04:30:00,0.000000E+00,1.834360E+04,0.000000E+00,1.634447E+00,0.000000E+00,0.000000E+00,0.000000E+00,0.000000E+00,0.000000E+00,0.000000E+00,0.000000E+00,0.000000E+00,0.000000E+00,0.000000E+00,2.499613E+01,4.371186E+01,0.000000E+00,1.781297E+04,0.000000E+00,1.586821E+00,0.000000E+00,0.000000E+00,0.000000E+00,0.000000E+00,0.000000E+00,0.000000E+00,0.000000E+00,0.000000E+00,0.000000E+00,0.000000E+00,2.499853E+01,4.312652E+01,0.000000E+00,9.143973E+03,0.000000E+00,8.146287E-01,0.000000E+00,0.000000E+00,0.000000E+00,0.000000E+00,0.000000E+00,0.000000E+00,0.000000E+00,0.000000E+00,0.000000E+00,0.000000E+00,2.499770E+01,4.331150E+01,0.000000E+00,4.544538E+03,0.000000E+00,4.048409E-01,0.000000E+00,0.000000E+00,0.000000E+00,0.000000E+00,0.000000E+00,0.000000E+00,0.000000E+00,0.000000E+00,0.000000E+00,0.000000E+00,2.499847E+01,4.327415E+01,0.000000E+00,1.783602E+04,0.000000E+00,1.589134E+00,0.000000E+00,0.000000E+00,0.000000E+00,0.000000E+00,0.000000E+00,0.000000E+00,0.000000E+00,0.000000E+00,0.000000E+00,0.000000E+00,2.499674E+01,4.343595E+01,0.000000E+00,4.885676E+03,0.000000E+00,4.352849E-01,0.000000E+00,0.000000E+00,0.000000E+00,0.000000E+00,0.000000E+00,0.000000E+00,0.000000E+00,0.000000E+00,0.000000E+00,0.000000E+00,2.499709E+01,4.344695E+01
05:00:00,0.000000E+00,1.830310E+04,0.000000E+00,1.630843E+00,0.000000E+00,0.000000E+00,0.000000E+00,0.000000E+00,0.000000E+00,0.000000E+00,0.000000E+00,0.000000E+00,0.000000E+00,0.000000E+00,2.499611E+01,4.371352E+01,0.000000E+00,1.780650E+04,0.000000E+00,1.586249E+00,0.000000E+00,0.000000E+00,0.000000E+00,0.000000E+00,0.000000E+00,0.000000E+00,0.000000E+00,0.000000E+00,0.000000E+00,0.000000E+00,2.499850E+01,4.312664E+01,0.000000E+00,9.134936E+03,0.000000E+00,8.138247E-01,0.000000E+00,0.000000E+00,0.000000E+00,0.000000E+00,0.000000E+00,0.000000E+00,0.000000E+00,0.000000E+00,0.000000E+00,0.000000E+00,2.499769E+01,4.331183E+01,0.000000E+00,4.538347E+03,0.000000E+00,4.042895E-01,0.000000E+00,0.000000E+00,0.000000E+00,0.000000E+00,0.000000E+00,0.000000E+00,0.000000E+00,0.000000E+00,0.000000E+00,0.000000E+00,2.499847E+01,4.327450E+01,0.000000E+00,1.780993E+04,0.000000E+00,1.586812E+00,0.000000E+00,0.000000E+00,0.000000E+00,0.000000E+00,0.000000E+00,0.000000E+00,0.000000E+00,0.000000E+00,0.000000E+00,0.000000E+00,2.499672E+01,4.343665E+01,0.000000E+00,4.877905E+03,0.000000E+00,4.345932E-01,0.000000E+00,0.000000E+00,0.000000E+00,0.000000E+00,0.000000E+00,0.000000E+00,0.000000E+00,0.000000E+00,0.000000E+00,0.000000E+00,2.499707E+01,4.344767E+01
05:30:00,0.000000E+00,1.826871E+04,0.000000E+00,1.627782E+00,0.000000E+00,0.000000E+00,0.000000E+00,0.000000E+00,0.000000E+00,0.000000E+00,0.000000E+00,0.000000E+00,0.000000E+00,0.000000E+00,2.499609E+01,4.371509E+01,0.000000E+00,1.780344E+04,0.000000E+00,1.585981E+00,0.000000E+00,0.000000E+00,0.000000E+00,0.000000E+00,0.000000E+00,0.000000E+00,0.000000E+00,0.000000E+00,0.000000E+00,0.000000E+00,2.499848E+01,4.312674E+01,0.000000E+00,9.131022E+03,0.000000E+00,8.134769E-01,0.000000E+00,0.000000E+00,0.000000E+00,0.000000E+00,0.000000E+00,0.000000E+00,0.000000E+00,0.000000E+00,0.000000E+00,0.000000E+00,2.499768E+01,4.331214E+01,0.000000E+00,4.532702E+03,0.000000E+00,4.037867E-01,0.000000E+00,0.000000E+00,0.000000E+00,0.000000E+00,0.000000E+00,0.000000E+00,0.000000E+00,0.000000E+00,0.000000E+00,0.000000E+00,2.499846E+01,4.327483E+01,0.000000E+00,1.778741E+04,0.000000E+00,1.584808E+00,0.000000E+00,0.000000E+00,0.000000E+00,0.000000E+00,0.000000E+00,0.000000E+00,0.000000E+00,0.000000E+00,0.000000E+00,0.000000E+00,2.499671E+01,4.343730E+01,0.000000E+00,4.870988E+03,0.000000E+00,4.339774E-01,0.000000E+00,0.000000E+00,0.000000E+00,0.000000E+00,0.000000E+00,0.000000E+00,0.000000E+00,0.000000E+00,0.000000E+00,0.000000E+00,2.499706E+01,4.344835E+01
06:00:00,0.000000E+00,1.824114E+04,0.000000E+00,1.625329E+00,0.000000E+00,0.000000E+00,0.000000E+00,0.000000E+00,0.000000E+00,0.000000E+00,0.000000E+00,0.000000E+00,0.000000E+00,0.000000E+00,2.499606E+01,4.371617E+01,0.000000E+00,1.780630E+04,0.000000E+00,1.586239E+00,0.000000E+00,0.000000E+00,0.000000E+00,0.000000E+00,0.000000E+00,0.000000E+00,0.000000E+00,0.000000E+00,0.000000E+00,0.000000E+00,2.499845E+01,4.312679E+01,0.000000E+00,9.136021E+03,0.000000E+00,8.139229E-01,0.000000E+00,0.000000E+00,0.000000E+00,0.000000E+00,0.000000E+00,0.000000E+00,0.000000E+00,0.000000E+00,0.000000E+00,0.000000E+00,2.499767E+01,4.331213E+01,0.000000E+00,4.527645E+03,0.000000E+00,4.033363E-01,0.000000E+00,0.000000E+00,0.000000E+00,0.000000E+00,0.000000E+00,0.000000E+00,0.000000E+00,0.000000E+00,0.000000E+00,0.000000E+00,2.499846E+01,4.327508E+01,0.000000E+00,1.776918E+04,0.000000E+00,1.583186E+00,0.000000E+00,0.000000E+00,0.000000E+00,0.000000E+00,0.000000E+00,0.000000E+00,0.000000E+00,0.000000E+00,0.000000E+00,0.000000E+00,2.499670E+01,4.343770E+01,0.000000E+00,4.864966E+03,0.000000E+00,4.334412E-01,0.000000E+00,0.000000E+00,0.000000E+00,0.000000E+00,0.000000E+00,0.000000E+00,0.000000E+00,0.000000E+00,0.000000E+00,0.000000E+00,2.499706E+01,4.344883E+01
06:30:00,0.000000E+00,1.811671E+04,0.000000E+00,1.614245E+00,0.000000E+00,0.000000E+00,0.000000E+00,0.000000E+00,0.000000E+00,0.000000E+00,0.000000E+00,0.000000E+00,0.000000E+00,0.000000E+00,2.499604E+01,4.371699E+01,0.000000E+00,1.779441E+04,0.000000E+00,1.585182E+00,0.000000E+00,0.000000E+00,0.000000E+00,0.000000E+00,0.000000E+00,0.000000E+00,0.000000E+00,0.000000E+00,0.000000E+00,0.000000E+00,2.499844E+01,4.312680E+01,0.000000E+00,9.114836E+03,0.000000E+00,8.120360E-01,0.000000E+00,0.000000E+00,0.000000E+00,0.000000E+00,0.000000E+00,0.000000E+00,0.000000E+00,0.000000E+00,0.000000E+00,0.000000E+00,2.499766E+01,4.331186E+01,0.000000E+00,4.510206E+03,0.000000E+00,4.017829E-01,0.000000E+00,0.000000E+00,0.000000E+00,0.000000E+00,0.000000E+00,0.000000E+00,0.000000E+00,0.000000E+00,0.000000E+00,0.000000E+00,2.499846E+01,4.327529E+01,0.000000E+00,1.769888E+04,0.000000E+00,1.576923E+00,0.000000E+00,0.000000E+00,0.000000E+00,0.000000E+00,0.000000E+00,0.000000E+00,0.000000E+00,0.000000E+00,0.000000E+00,0.000000E+00,2.499669E+01,4.343800E+01,0.000000E+00,4.835148E+03,0.000000E+00,4.307848E-01,0.000000E+00,0.000000E+00,0.000000E+00,0.000000E+00,0.000000E+00,0.000000E+00,0.000000E+00,0.000000E+00,0.000000E+00,0.000000E+00,2.499705E+01,4.344925E+01
07:00:00,0.000000E+00,1.799780E+04,0.000000E+00,1.603656E+00,0.000000E+00,0.000000E+00,0.000000E+00,0.000000E+00,0.000000E+00,0.000000E+00,0.000000E+00,0.000000E+00,0.000000E+00,0.000000E+00,2.499598E+01,4.333277E+01,0.000000E+00,1.777978E+04,0.000000E+00,1.583882E+00,0.000000E+00,0.000000E+00,0.000000E+00,0.000000E+00,0.000000E+00,0.000000E+00,0.000000E+00,0.000000E+00,0.000000E+00,0.000000E+00,2.499842E+01,4.307107E+01,0.000000E+00,9.089598E+03,0.000000E+00,8.097884E-01,0.000000E+00,0.000000E+00,0.000000E+00,0.000000E+00,0.000000E+00,0.000000E+00,0.000000E+00,0.000000E+00,0.000000E+00,0.000000E+00,2.499765E+01,4.313902E+01,0.000000E+00,4.493053E+03,0.000000E+00,4.002550E-01,0.000000E+00,0.000000E+00,0.000000E+00,0.000000E+00,0.000000E+00,0.000000E+00,0.000000E+00,0.000000E+00,0.000000E+00,0.000000E+00,2.499845E+01,4.313340E+01,0.000000E+00,1.763257E+04,0.000000E+00,1.571019E+00,0.000000E+00,0.000000E+00,0.000000E+00,0.000000E+00,0.000000E+00,0.000000E+00,0.000000E+00,0.000000E+00,0.000000E+00,0.000000E+00,2.499665E+01,4.318725E+01,0.000000E+00,4.805913E+03,0.000000E+00,4.281809E-01,0.000000E+00,0.000000E+00,0.000000E+00,0.000000E+00,0.000000E+00,0.000000E+00,0.000000E+00,0.000000E+00,0.000000E+00,0.000000E+00,2.499702E+01,4.318954E+01
07:30:00,0.000000E+00,1.798830E+04,0.000000E+00,1.602749E+00,0.000000E+00,0.000000E+00,0.000000E+00,0.000000E+00,0.000000E+00,0.000000E+00,0.000000E+00,0.000000E+00,0.000000E+00,0.000000E+00,2.499687E+01,4.319493E+01,0.000000E+00,1.777919E+04,0.000000E+00,1.583819E+00,0.000000E+00,0.000000E+00,0.000000E+00,0.000000E+00,0.000000E+00,0.000000E+00,0.000000E+00,0.000000E+00,0.000000E+00,0.000000E+00,2.499859E+01,4.306745E+01,0.000000E+00,9.089444E+03,0.000000E+00,8.097580E-01,0.000000E+00,0.000000E+00,0.000000E+00,0.000000E+00,0.000000E+00,0.000000E+00,0.000000E+00,0.000000E+00,0.000000E+00,0.000000E+00,2.499812E+01,4.310686E+01,0.000000E+00,4.488930E+03,0.000000E+00,3.998814E-01,0.000000E+00,0.000000E+00,0.000000E+00,0.000000E+00,0.000000E+00,0.000000E+00,0.000000E+00,0.000000E+00,0.000000E+00,0.000000E+00,2.499881E+01,4.309602E+01,0.000000E+00,1.762608E+04,0.000000E+00,1.570395E+00,0.000000E+00,0.000000E+00,0.000000E+00,0.000000E+00,0.000000E+00,0.000000E+00,0.000000E+00,0.000000E+00,0.000000E+00,0.000000E+00,2.499733E+01,4.313508E+01,0.000000E+00,4.802211E+03,0.000000E+00,4.278388E-01,0.000000E+00,0.000000E+00,0.000000E+00,0.000000E+00,0.000000E+00,0.000000E+00,0.000000E+00,0.000000E+00,0.000000E+00,0.000000E+00,2.499768E+01,4.313815E+01
08:00:00,0.000000E+00,1.798725E+04,0.000000E+00,1.602527E+00,0.000000E+00,0.000000E+00,0.000000E+00,0.000000E+00,0.000000E+00,0.000000E+00,0.000000E+00,0.000000E+00,0.000000E+00,0.000000E+00,2.499775E+01,4.321250E+01,0.000000E+00,1.777861E+04,0.000000E+00,1.583743E+00,0.000000E+00,0.000000E+00,0.000000E+00,0.000000E+00,0.000000E+00,0.000000E+00,0.000000E+00,0.000000E+00,0.000000E+00,0.000000E+00,2.499874E+01,4.306844E+01,0.000000E+00,9.089036E+03,0.000000E+00,8.096890E-01,0.000000E+00,0.000000E+00,0.000000E+00,0.000000E+00,0.000000E+00,0.000000E+00,0.000000E+00,0.000000E+00,0.000000E+00,0.000000E+00,2.499853E+01,4.311566E+01,0.000000E+00,4.485078E+03,0.000000E+00,3.995260E-01,0.000000E+00,0.000000E+00,0.000000E+00,0.000000E+00,0.000000E+00,0.000000E+00,0.000000E+00,0.000000E+00,0.000000E+00,0.000000E+00,2.499913E+01,4.310406E+01,0.000000E+00,1.762505E+04,0.000000E+00,1.570212E+00,0.000000E+00,0.000000E+00,0.000000E+00,0.000000E+00,0.000000E+00,0.000000E+00,0.000000E+00,0.000000E+00,0.000000E+00,0.000000E+00,2.499793E+01,4.314849E+01,0.000000E+00,4.800330E+03,0.000000E+00,4.276472E-01,0.000000E+00,0.000000E+00,0.000000E+00,0.000000E+00,0.000000E+00,0.000000E+00,0.000000E+00,0.000000E+00,0.000000E+00,0.000000E+00,2.499825E+01,4.315200E+01
08:30:00,0.000000E+00,1.799448E+04,0.000000E+00,1.603072E+00,0.000000E+00,0.000000E+00,0.000000E+00,0.000000E+00,0.000000E+00,0.000000E+00,0.000000E+00,0.000000E+00,0.000000E+00,0.000000E+00,2.499823E+01,4.322685E+01,0.000000E+00,1.778050E+04,0.000000E+00,1.583891E+00,0.000000E+00,0.000000E+00,0.000000E+00,0.000000E+00,0.000000E+00,0.000000E+00,0.000000E+00,0.000000E+00,0.000000E+00,0.000000E+00,2.499887E+01,4.306790E+01,0.000000E+00,9.092179E+03,0.000000E+00,8.099441E-01,0.000000E+00,0.000000E+00,0.000000E+00,0.000000E+00,0.000000E+00,0.000000E+00,0.000000E+00,0.000000E+00,0.000000E+00,0.000000E+00,2.499879E+01,4.311602E+01,0.000000E+00,4.481620E+03,0.000000E+00,3.992090E-01,0.000000E+00,0.000000E+00,0.000000E+00,0.000000E+00,0.000000E+00,0.000000E+00,0.000000E+00,0.000000E+00,0.000000E+00,0.000000E+00,2.499930E+01,4.310651E+01,0.000000E+00,1.763155E+04,0.000000E+00,1.570722E+00,0.000000E+00,0.000000E+00,0.000000E+00,0.000000E+00,0.000000E+00,0.000000E+00,0.000000E+00,0.000000E+00,0.000000E+00,0.000000E+00,2.499830E+01,4.314985E+01,0.000000E+00,4.800466E+03,0.000000E+00,4.276419E-01,0.000000E+00,0.000000E+00,0.000000E+00,0.000000E+00,0.000000E+00,0.000000E+00,0.000000E+00,0.000000E+00,0.000000E+00,0.000000E+00,2.499858E+01,4.315323E+01
09:00:00,0.000000E+00,1.801225E+04,0.000000E+00,1.604601E+00,0.000000E+00,0.000000E+00,0.000000E+00,0.000000E+00,0.000000E+00,0.000000E+00,0.000000E+00,0.000000E+00,0.000000E+00,0.000000E+00,2.499849E+01,4.322254E+01,0.000000E+00,1.778521E+04,0.000000E+00,1.584294E+00,0.000000E+00,0.000000E+00,0.000000E+00,0.000000E+00,0.000000E+00,0.000000E+00,0.000000E+00,0.000000E+00,0.000000E+00,0.000000E+00,2.499898E+01,4.306752E+01,0.000000E+00,9.099595E+03,0.000000E+00,8.105886E-01,0.000000E+00,0.000000E+00,0.000000E+00,0.000000E+00,0.000000E+00,0.000000E+00,0.000000E+00,0.000000E+00,0.000000E+00,0.000000E+00,2.499897E+01,4.311413E+01,0.000000E+00,4.478955E+03,0.000000E+00,3.989665E-01,0.000000E+00,0.000000E+00,0.000000E+00,0.000000E+00,0.000000E+00,0.000000E+00,0.000000E+00,0.000000E+00,0.000000E+00,0.000000E+00,2.499941E+01,4.310477E+01,0.000000E+00,1.764747E+04,0.000000E+00,1.572095E+00,0.000000E+00,0.000000E+00,0.000000E+00,0.000000E+00,0.000000E+00,0.000000E+00,0.000000E+00,0.000000E+00,0.000000E+00,0.000000E+00,2.499855E+01,4.314683E+01,0.000000E+00,4.802935E+03,0.000000E+00,4.278513E-01,0.000000E+00,0.000000E+00,0.000000E+00,0.000000E+00,0.000000E+00,0.000000E+00,0.000000E+00,0.000000E+00,0.000000E+00,0.000000E+00,2.499879E+01,4.315042E+01
09:30:00,0.000000E+00,1.803888E+04,0.000000E+00,1.606942E+00,0.000000E+00,0.000000E+00,0.000000E+00,0.000000E+00,0.000000E+00,0.000000E+00,0.000000E+00,0.000000E+00,0.000000E+00,0.000000E+00,2.499866E+01,4.321843E+01,0.000000E+00,1.779146E+04,0.000000E+00,1.584836E+00,0.000000E+00,0.000000E+00,0.000000E+00,0.000000E+00,0.000000E+00,0.000000E+00,0.000000E+00,0.000000E+00,0.000000E+00,0.000000E+00,2.499907E+01,4.306727E+01,0.000000E+00,9.109314E+03,0.000000E+00,8.114430E-01,0.000000E+00,0.000000E+00,0.000000E+00,0.000000E+00,0.000000E+00,0.000000E+00,0.000000E+00,0.000000E+00,0.000000E+00,0.000000E+00,2.499910E+01,4.311352E+01,0.000000E+00,4.477287E+03,0.000000E+00,3.988146E-01,0.000000E+00,0.000000E+00,0.000000E+00,0.000000E+00,0.000000E+00,0.000000E+00,0.000000E+00,0.000000E+00,0.000000E+00,0.000000E+00,2.499948E+01,4.310405E+01,0.000000E+00,1.767169E+04,0.000000E+00,1.574222E+00,0.000000E+00,0.000000E+00,0.000000E+00,0.000000E+00,0.000000E+00,0.000000E+00,0.000000E+00,0.000000E+00,0.000000E+00,0.000000E+00,2.499873E+01,4.314573E+01,0.000000E+00,4.807709E+03,0.000000E+00,4.282696E-01,0.000000E+00,0.000000E+00,0.000000E+00,0.000000E+00,0.000000E+00,0.000000E+00,0.000000E+00,0.000000E+00,0.000000E+00,0.000000E+00,2.499894E+01,4.314956E+01
10:00:00,0.000000E+00,1.807312E+04,0.000000E+00,1.609972E+00,0.000000E+00,0.000000E+00,0.000000E+00,0.000000E+00,0.000000E+00,0.000000E+00,0.000000E+00,0.000000E+00,0.000000E+00,0.000000E+00,2.499877E+01,4.321766E+01,0.000000E+00,1.779878E+04,0.000000E+00,1.585476E+00,0.000000E+00,0.000000E+00,0.000000E+00,0.000000E+00,0.000000E+00,0.000000E+00,0.000000E+00,0.000000E+00,0.000000E+00,0.000000E+00,2.499915E+01,4.306704E+01,0.000000E+00,9.120557E+03,0.000000E+00,8.124364E-01,0.000000E+00,0.000000E+00,0.000000E+00,0.000000E+00,0.000000E+00,0.000000E+00,0.000000E+00,0.000000E+00,0.000000E+00,0.000000E+00,2.499919E+01,4.311325E+01,0.000000E+00,4.476756E+03,0.000000E+00,3.987652E-01,0.000000E+00,0.000000E+00,0.000000E+00,0.000000E+00,0.000000E+00,0.000000E+00,0.000000E+00,0.000000E+00,0.000000E+00,0.000000E+00,2.499953E+01,4.310402E+01,0.000000E+00,1.770312E+04,0.000000E+00,1.577000E+00,0.000000E+00,0.000000E+00,0.000000E+00,0.000000E+00,0.000000E+00,0.000000E+00,0.000000E+00,0.000000E+00,0.000000E+00,0.000000E+00,2.499886E+01,4.314530E+01,0.000000E+00,4.814732E+03,0.000000E+00,4.288904E-01,0.000000E+00,0.000000E+00,0.000000E+00,0.000000E+00,0.000000E+00,0.000000E+00,0.000000E+00,0.000000E+00,0.000000E+00,0.000000E+00,2.499904E+01,4.314926E+01
10:30:00,0.000000E+00,1.811492E+04,0.000000E+00,1.613681E+00,0.000000E+00,0.000000E+00,0.000000E+00,0.000000E+00,0.000000E+00,0.000000E+00,0.000000E+00,0.000000E+00,0.000000E+00,0.000000E+00,2.499884E+01,4.321730E+01,0.000000E+00,1.780701E+04,0.000000E+00,1.586198E+00,0.000000E+00,0.000000E+00,0.000000E+00,0.000000E+00,0.000000E+00,0.000000E+00,0.000000E+00,0.000000E+00,0.000000E+00,0.000000E+00,2.499922E+01,4.306684E+01,0.000000E+00,9.133032E+03,0.000000E+00,8.135420E-01,0.000000E+00,0.000000E+00,0.000000E+00,0.000000E+00,0.000000E+00,0.000000E+00,0.000000E+00,0.000000E+00,0.000000E+00,0.000000E+00,2.499925E+01,4.311294E+01,0.000000E+00,4.477477E+03,0.000000E+00,3.988281E-01,0.000000E+00,0.000000E+00,0.000000E+00,0.000000E+00,0.000000E+00,0.000000E+00,0.000000E+00,0.000000E+00,0.000000E+00,0.000000E+00,2.499956E+01,4.310394E+01,0.000000E+00,1.774144E+04,0.000000E+00,1.580399E+00,0.000000E+00,0.000000E+00,0.000000E+00,0.000000E+00,0.000000E+00,0.000000E+00,0.000000E+00,0.000000E+00,0.000000E+00,0.000000E+00,2.499894E+01,4.314476E+01,0.000000E+00,4.823866E+03,0.000000E+00,4.297010E-01,0.000000E+00,0.000000E+00,0.000000E+00,0.000000E+00,0.000000E+00,0.000000E+00,0.000000E+00,0.000000E+00,0.000000E+00,0.000000E+00,2.499910E+01,4.314884E+01
11:00:00,0.000000E+00,1.816400E+04,0.000000E+00,1.618045E+00,0.000000E+00,0.000000E+00,0.000000E+00,0.000000E+00,0.000000E+00,0.000000E+00,0.000000E+00,0.000000E+00,0.000000E+00,0.000000E+00,2.499889E+01,4.321654E+01,0.000000E+00,1.781602E+04,0.000000E+00,1.586993E+00,0.000000E+00,0.000000E+00,0.000000E+00,0.000000E+00,0.000000E+00,0.000000E+00,0.000000E+00,0.000000E+00,0.000000E+00,0.000000E+00,2.499927E+01,4.306667E+01,0.000000E+00,9.146572E+03,0.000000E+00,8.147442E-01,0.000000E+00,0.000000E+00,0.000000E+00,0.000000E+00,0.000000E+00,0.000000E+00,0.000000E+00,0.000000E+00,0.000000E+00,0.000000E+00,2.499930E+01,4.311265E+01,0.000000E+00,4.479528E+03,0.000000E+00,3.990099E-01,0.000000E+00,0.000000E+00,0.000000E+00,0.000000E+00,0.000000E+00,0.000000E+00,0.000000E+00,0.000000E+00,0.000000E+00,0.000000E+00,2.499957E+01,4.310380E+01,0.000000E+00,1.778588E+04,0.000000E+00,1.584347E+00,0.000000E+00,0.000000E+00,0.000000E+00,0.000000E+00,0.000000E+00,0.000000E+00,0.000000E+00,0.000000E+00,0.000000E+00,0.000000E+00,2.499900E+01,4.314421E+01,0.000000E+00,4.834838E+03,0.000000E+00,4.306763E-01,0.000000E+00,0.000000E+00,0.000000E+00,0.000000E+00,0.000000E+00,0.000000E+00,0.000000E+00,0.000000E+00,0.000000E+00,0.000000E+00,2.499914E+01,4.314840E+01
11:30:00,0.000000E+00,1.821835E+04,0.000000E+00,1.622881E+00,0.000000E+00,0.000000E+00,0.000000E+00,0.000000E+00,0.000000E+00,0.000000E+00,0.000000E+00,0.000000E+00,0.000000E+00,0.000000E+00,2.499892E+01,4.321567E+01,0.000000E+00,1.782566E+04,0.000000E+00,1.587843E+00,0.000000E+00,0.000000E+00,0.000000E+00,0.000000E+00,0.000000E+00,0.000000E+00,0.000000E+00,0.000000E+00,0.000000E+00,0.000000E+00,2.499932E+01,4.306651E+01,0.000000E+00,9.160911E+03,0.000000E+00,8.160186E-01,0.000000E+00,0.000000E+00,0.000000E+00,0.000000E+00,0.000000E+00,0.000000E+00,0.000000E+00,0.000000E+00,0.000000E+00,0.000000E+00,2.499933E+01,4.311241E+01,0.000000E+00,4.482871E+03,0.000000E+00,3.993071E-01,0.000000E+00,0.000000E+00,0.000000E+00,0.000000E+00,0.000000E+00,0.000000E+00,0.000000E+00,0.000000E+00,0.000000E+00,0.000000E+00,2.499959E+01,4.310367E+01,0.000000E+00,1.783440E+04,0.000000E+00,1.588661E+00,0.000000E+00,0.000000E+00,0.000000E+00,0.000000E+00,0.000000E+00,0.000000E+00,0.000000E+00,0.000000E+00,0.000000E+00,0.000000E+00,2.499905E+01,4.314371E+01,0.000000E+00,4.847150E+03,0.000000E+00,4.317716E-01,0.000000E+00,0.000000E+00,0.000000E+00,0.000000E+00,0.000000E+00,0.000000E+00,0.000000E+00,0.000000E+00,0.000000E+00,0.000000E+00,2.499917E+01,4.314798E+01
12:00:00,0.000000E+00,1.827692E+04,0.000000E+00,1.628093E+00,0.000000E+00,0.000000E+00,0.000000E+00,0.000000E+00,0.000000E+00,0.000000E+00,0.000000E+00,0.000000E+00,0.000000E+00,0.000000E+00,2.499895E+01,4.321491E+01,0.000000E+00,1.783567E+04,0.000000E+00,1.588728E+00,0.000000E+00,0.000000E+00,0.000000E+00,0.000000E+00,0.000000E+00,0.000000E+00,0.000000E+00,0.000000E+00,0.000000E+00,0.000000E+00,2.499936E+01,4.306639E+01,0.000000E+00,9.175675E+03,0.000000E+00,8.173318E-01,0.000000E+00,0.000000E+00,0.000000E+00,0.000000E+00,0.000000E+00,0.000000E+00,0.000000E+00,0.000000E+00,0.000000E+00,0.000000E+00,2.499935E+01,4.311220E+01,0.000000E+00,4.487467E+03,0.000000E+00,3.997163E-01,0.000000E+00,0.000000E+00,0.000000E+00,0.000000E+00,0.000000E+00,0.000000E+00,0.000000E+00,0.000000E+00,0.000000E+00,0.000000E+00,2.499959E+01,4.310356E+01,0.000000E+00,1.788558E+04,0.000000E+00,1.593215E+00,0.000000E+00,0.000000E+00,0.000000E+00,0.000000E+00,0.000000E+00,0.000000E+00,0.000000E+00,0.000000E+00,0.000000E+00,0.000000E+00,2.499908E+01,4.314326E+01,0.000000E+00,4.860391E+03,0.000000E+00,4.329502E-01,0.000000E+00,0.000000E+00,0.000000E+00,0.000000E+00,0.000000E+00,0.000000E+00,0.000000E+00,0.000000E+00,0.000000E+00,0.000000E+00,2.499919E+01,4.314760E+01
12:30:00,0.000000E+00,1.833973E+04,0.000000E+00,1.633686E+00,0.000000E+00,0.000000E+00,0.000000E+00,0.000000E+00,0.000000E+00,0.000000E+00,0.000000E+00,0.000000E+00,0.000000E+00,0.000000E+00,2.499896E+01,4.321418E+01,0.000000E+00,1.784588E+04,0.000000E+00,1.589633E+00,0.000000E+00,0.000000E+00,0.000000E+00,0.000000E+00,0.000000E+00,0.000000E+00,0.000000E+00,0.000000E+00,0.000000E+00,0.000000E+00,2.499939E+01,4.306628E+01,0.000000E+00,9.190674E+03,0.000000E+00,8.186665E-01,0.000000E+00,0.000000E+00,0.000000E+00,0.000000E+00,0.000000E+00,0.000000E+00,0.000000E+00,0.000000E+00,0.000000E+00,0.000000E+00,2.499937E+01,4.311201E+01,0.000000E+00,4.493305E+03,0.000000E+00,4.002360E-01,0.000000E+00,0.000000E+00,0.000000E+00,0.000000E+00,0.000000E+00,0.000000E+00,0.000000E+00,0.000000E+00,0.000000E+00,0.000000E+00,2.499960E+01,4.310345E+01,0.000000E+00,1.793877E+04,0.000000E+00,1.597949E+00,0.000000E+00,0.000000E+00,0.000000E+00,0.000000E+00,0.000000E+00,0.000000E+00,0.000000E+00,0.000000E+00,0.000000E+00,0.000000E+00,2.499910E+01,4.314284E+01,0.000000E+00,4.874247E+03,0.000000E+00,4.341837E-01,0.000000E+00,0.000000E+00,0.000000E+00,0.000000E+00,0.000000E+00,0.000000E+00,0.000000E+00,0.000000E+00,0.000000E+00,0.000000E+00,2.499920E+01,4.314722E+01
13:00:00,0.000000E+00,1.840593E+04,0.000000E+00,1.639581E+00,0.000000E+00,0.000000E+00,0.000000E+00,0.000000E+00,0.000000E+00,0.000000E+00,0.000000E+00,0.000000E+00,0.000000E+00,0.000000E+00,2.499898E+01,4.321343E+01,0.000000E+00,1.785630E+04,0.000000E+00,1.590556E+00,0.000000E+00,0.000000E+00,0.000000E+00,0.000000E+00,0.000000E+00,0.000000E+00,0.000000E+00,0.000000E+00,0.000000E+00,0.000000E+00,2.499942E+01,4.306618E+01,0.000000E+00,9.205920E+03,0.000000E+00,8.200235E-01,0.000000E+00,0.000000E+00,0.000000E+00,0.000000E+00,0.000000E+00,0.000000E+00,0.000000E+00,0.000000E+00,0.000000E+00,0.000000E+00,2.499938E+01,4.311184E+01,0.000000E+00,4.500269E+03,0.000000E+00,4.008562E-01,0.000000E+00,0.000000E+00,0.000000E+00,0.000000E+00,0.000000E+00,0.000000E+00,0.000000E+00,0.000000E+00,0.000000E+00,0.000000E+00,2.499960E+01,4.310333E+01,0.000000E+00,1.799242E+04,0.000000E+00,1.602725E+00,0.000000E+00,0.000000E+00,0.000000E+00,0.000000E+00,0.000000E+00,0.000000E+00,0.000000E+00,0.000000E+00,0.000000E+00,0.000000E+00,2.499912E+01,4.314244E+01,0.000000E+00,4.888265E+03,0.000000E+00,4.354319E-01,0.000000E+00,0.000000E+00,0.000000E+00,0.000000E+00,0.000000E+00,0.000000E+00,0.000000E+00,0.000000E+00,0.000000E+00,0.000000E+00,2.499921E+01,4.314685E+01
13:30:00,0.000000E+00,1.847646E+04,0.000000E+00,1.645861E+00,0.000000E+00,0.000000E+00,0.000000E+00,0.000000E+00,0.000000E+00,0.000000E+00,0.000000E+00,0.000000E+00,0.000000E+00,0.000000E+00,2.499899E+01,4.321268E+01,0.000000E+00,1.786682E+04,0.000000E+00,1.591490E+00,0.000000E+00,0.000000E+00,0.000000E+00,0.000000E+00,0.000000E+00,0.000000E+00,0.000000E+00,0.000000E+00,0.000000E+00,0.000000E+00,2.499945E+01,4.306610E+01,0.000000E+00,9.221244E+03,0.000000E+00,8.213878E-01,0.000000E+00,0.000000E+00,0.000000E+00,0.000000E+00,0.000000E+00,0.000000E+00,0.000000E+00,0.000000E+00,0.000000E+00,0.000000E+00,2.499939E+01,4.311168E+01,0.000000E+00,4.508180E+03,0.000000E+00,4.015607E-01,0.000000E+00,0.000000E+00,0.000000E+00,0.000000E+00,0.000000E+00,0.000000E+00,0.000000E+00,0.000000E+00,0.000000E+00,0.000000E+00,2.499960E+01,4.310320E+01,0.000000E+00,1.804456E+04,0.000000E+00,1.607367E+00,0.000000E+00,0.000000E+00,0.000000E+00,0.000000E+00,0.000000E+00,0.000000E+00,0.000000E+00,0.000000E+00,0.000000E+00,0.000000E+00,2.499913E+01,4.314205E+01,0.000000E+00,4.901940E+03,0.000000E+00,4.366498E-01,0.000000E+00,0.000000E+00,0.000000E+00,0.000000E+00,0.000000E+00,0.000000E+00,0.000000E+00,0.000000E+00,0.000000E+00,0.000000E+00,2.499922E+01,4.314650E+01
14:00:00,0.000000E+00,1.855165E+04,0.000000E+00,1.652558E+00,0.000000E+00,0.000000E+00,0.000000E+00,0.000000E+00,0.000000E+00,0.000000E+00,0.000000E+00,0.000000E+00,0.000000E+00,0.000000E+00,2.499900E+01,4.321192E+01,0.000000E+00,1.787735E+04,0.000000E+00,1.592425E+00,0.000000E+00,0.000000E+00,0.000000E+00,0.000000E+00,0.000000E+00,0.000000E+00,0.000000E+00,0.000000E+00,0.000000E+00,0.000000E+00,2.499947E+01,4.306603E+01,0.000000E+00,9.236503E+03,0.000000E+00,8.227463E-01,0.000000E+00,0.000000E+00,0.000000E+00,0.000000E+00,0.000000E+00,0.000000E+00,0.000000E+00,0.000000E+00,0.000000E+00,0.000000E+00,2.499939E+01,4.311153E+01,0.000000E+00,4.516866E+03,0.000000E+00,4.023343E-01,0.000000E+00,0.000000E+00,0.000000E+00,0.000000E+00,0.000000E+00,0.000000E+00,0.000000E+00,0.000000E+00,0.000000E+00,0.000000E+00,2.499960E+01,4.310307E+01,0.000000E+00,1.809361E+04,0.000000E+00,1.611735E+00,0.000000E+00,0.000000E+00,0.000000E+00,0.000000E+00,0.000000E+00,0.000000E+00,0.000000E+00,0.000000E+00,0.000000E+00,0.000000E+00,2.499914E+01,4.314171E+01,0.000000E+00,4.914868E+03,0.000000E+00,4.378010E-01,0.000000E+00,0.000000E+00,0.000000E+00,0.000000E+00,0.000000E+00,0.000000E+00,0.000000E+00,0.000000E+00,0.000000E+00,0.000000E+00,2.499923E+01,4.314618E+01
14:30:00,0.000000E+00,1.862721E+04,0.000000E+00,1.659287E+00,0.000000E+00,0.000000E+00,0.000000E+00,0.000000E+00,0.000000E+00,0.000000E+00,0.000000E+00,0.000000E+00,0.000000E+00,0.000000E+00,2.499901E+01,4.321116E+01,0.000000E+00,1.788735E+04,0.000000E+00,1.593312E+00,0.000000E+00,0.000000E+00,0.000000E+00,0.000000E+00,0.000000E+00,0.000000E+00,0.000000E+00,0.000000E+00,0.000000E+00,0.000000E+00,2.499949E+01,4.306596E+01,0.000000E+00,9.250842E+03,0.000000E+00,8.240233E-01,0.000000E+00,0.000000E+00,0.000000E+00,0.000000E+00,0.000000E+00,0.000000E+00,0.000000E+00,0.000000E+00,0.000000E+00,0.000000E+00,2.499940E+01,4.311139E+01,0.000000E+00,4.526104E+03,0.000000E+00,4.031572E-01,0.000000E+00,0.000000E+00,0.000000E+00,0.000000E+00,0.000000E+00,0.000000E+00,0.000000E+00,0.000000E+00,0.000000E+00,0.000000E+00,2.499961E+01,4.310294E+01,0.000000E+00,1.813768E+04,0.000000E+00,1.615660E+00,0.000000E+00,0.000000E+00,0.000000E+00,0.000000E+00,0.000000E+00,0.000000E+00,0.000000E+00,0.000000E+00,0.000000E+00,0.000000E+00,2.499915E+01,4.314140E+01,0.000000E+00,4.926676E+03,0.000000E+00,4.388527E-01,0.000000E+00,0.000000E+00,0.000000E+00,0.000000E+00,0.000000E+00,0.000000E+00,0.000000E+00,0.000000E+00,0.000000E+00,0.000000E+00,2.499923E+01,4.314589E+01
15:00:00,0.000000E+00,1.869920E+04,0.000000E+00,1.665699E+00,0.000000E+00,0.000000E+00,0.000000E+00,0.000000E+00,0.000000E+00,0.000000E+00,0.000000E+00,0.000000E+00,0.000000E+00,0.000000E+00,2.499901E+01,4.321047E+01,0.000000E+00,1.789654E+04,0.000000E+00,1.594129E+00,0.000000E+00,0.000000E+00,0.000000E+00,0.000000E+00,0.000000E+00,0.000000E+00,0.000000E+00,0.000000E+00,0.000000E+00,0.000000E+00,2.499950E+01,4.306591E+01,0.000000E+00,9.263880E+03,0.000000E+00,8.251843E-01,0.000000E+00,0.000000E+00,0.000000E+00,0.000000E+00,0.000000E+00,0.000000E+00,0.000000E+00,0.000000E+00,0.000000E+00,0.000000E+00,2.499940E+01,4.311129E+01,0.000000E+00,4.535683E+03,0.000000E+00,4.040104E-01,0.000000E+00,0.000000E+00,0.000000E+00,0.000000E+00,0.000000E+00,0.000000E+00,0.000000E+00,0.000000E+00,0.000000E+00,0.000000E+00,2.499961E+01,4.310282E+01,0.000000E+00,1.817574E+04,0.000000E+00,1.619049E+00,0.000000E+00,0.000000E+00,0.000000E+00,0.000000E+00,0.000000E+00,0.000000E+00,0.000000E+00,0.000000E+00,0.000000E+00,0.000000E+00,2.499915E+01,4.314117E+01,0.000000E+00,4.937193E+03,0.000000E+00,4.397894E-01,0.000000E+00,0.000000E+00,0.000000E+00,0.000000E+00,0.000000E+00,0.000000E+00,0.000000E+00,0.000000E+00,0.000000E+00,0.000000E+00,2.499923E+01,4.314565E+01
15:30:00,0.000000E+00,1.876433E+04,0.000000E+00,1.671499E+00,0.000000E+00,0.000000E+00,0.000000E+00,0.000000E+00,0.000000E+00,0.000000E+00,0.000000E+00,0.000000E+00,0.000000E+00,0.000000E+00,2.499902E+01,4.320985E+01,0.000000E+00,1.790480E+04,0.000000E+00,1.594862E+00,0.000000E+00,0.000000E+00,0.000000E+00,0.000000E+00,0.000000E+00,0.000000E+00,0.000000E+00,0.000000E+00,0.000000E+00,0.000000E+00,2.499951E+01,4.306587E+01,0.000000E+00,9.275415E+03,0.000000E+00,8.262115E-01,0.000000E+00,0.000000E+00,0.000000E+00,0.000000E+00,0.000000E+00,0.000000E+00,0.000000E+00,0.000000E+00,0.000000E+00,0.000000E+00,2.499940E+01,4.311120E+01,0.000000E+00,4.545353E+03,0.000000E+00,4.048717E-01,0.000000E+00,0.000000E+00,0.000000E+00,0.000000E+00,0.000000E+00,0.000000E+00,0.000000E+00,0.000000E+00,0.000000E+00,0.000000E+00,2.499961E+01,4.310270E+01,0.000000E+00,1.820687E+04,0.000000E+00,1.621821E+00,0.000000E+00,0.000000E+00,0.000000E+00,0.000000E+00,0.000000E+00,0.000000E+00,0.000000E+00,0.000000E+00,0.000000E+00,0.000000E+00,2.499916E+01,4.314098E+01,0.000000E+00,4.946334E+03,0.000000E+00,4.406035E-01,0.000000E+00,0.000000E+00,0.000000E+00,0.000000E+00,0.000000E+00,0.000000E+00,0.000000E+00,0.000000E+00,0.000000E+00,0.000000E+00,2.499924E+01,4.314545E+01
16:00:00,0.000000E+00,1.882047E+04,0.000000E+00,1.676499E+00,0.000000E+00,0.000000E+00,0.000000E+00,0.000000E+00,0.000000E+00,0.000000E+00,0.000000E+00,0.000000E+00,0.000000E+00,0.000000E+00,2.499903E+01,4.320938E+01,0.000000E+00,1.791176E+04,0.000000E+00,1.595481E+00,0.000000E+00,0.000000E+00,0.000000E+00,0.000000E+00,0.000000E+00,0.000000E+00,0.000000E+00,0.000000E+00,0.000000E+00,0.000000E+00,2.499952E+01,4.306584E+01,0.000000E+00,9.284937E+03,0.000000E+00,8.270595E-01,0.000000E+00,0.000000E+00,0.000000E+00,0.000000E+00,0.000000E+00,0.000000E+00,0.000000E+00,0.000000E+00,0.000000E+00,0.000000E+00,2.499941E+01,4.311114E+01,0.000000E+00,4.554878E+03,0.000000E+00,4.057201E-01,0.000000E+00,0.000000E+00,0.000000E+00,0.000000E+00,0.000000E+00,0.000000E+00,0.000000E+00,0.000000E+00,0.000000E+00,0.000000E+00,2.499961E+01,4.310260E+01,0.000000E+00,1.823068E+04,0.000000E+00,1.623941E+00,0.000000E+00,0.000000E+00,0.000000E+00,0.000000E+00,0.000000E+00,0.000000E+00,0.000000E+00,0.000000E+00,0.000000E+00,0.000000E+00,2.499916E+01,4.314087E+01,0.000000E+00,4.954110E+03,0.000000E+00,4.412960E-01,0.000000E+00,0.000000E+00,0.000000E+00,0.000000E+00,0.000000E+00,0.000000E+00,0.000000E+00,0.000000E+00,0.000000E+00,0.000000E+00,2.499924E+01,4.314531E+01
16:30:00,0.000000E+00,1.886775E+04,0.000000E+00,1.680710E+00,0.000000E+00,0.000000E+00,0.000000E+00,0.000000E+00,0.000000E+00,0.000000E+00,0.000000E+00,0.000000E+00,0.000000E+00,0.000000E+00,2.499903E+01,4.320901E+01,0.000000E+00,1.791745E+04,0.000000E+00,1.595986E+00,0.000000E+00,0.000000E+00,0.000000E+00,0.000000E+00,0.000000E+00,0.000000E+00,0.000000E+00,0.000000E+00,0.000000E+00,0.000000E+00,2.499953E+01,4.306582E+01,0.000000E+00,9.292530E+03,0.000000E+00,8.277357E-01,0.000000E+00,0.000000E+00,0.000000E+00,0.000000E+00,0.000000E+00,0.000000E+00,0.000000E+00,0.000000E+00,0.000000E+00,0.000000E+00,2.499941E+01,4.311110E+01,0.000000E+00,4.564089E+03,0.000000E+00,4.065406E-01,0.000000E+00,0.000000E+00,0.000000E+00,0.000000E+00,0.000000E+00,0.000000E+00,0.000000E+00,0.000000E+00,0.000000E+00,0.000000E+00,2.499961E+01,4.310251E+01,0.000000E+00,1.824811E+04,0.000000E+00,1.625493E+00,0.000000E+00,0.000000E+00,0.000000E+00,0.000000E+00,0.000000E+00,0.000000E+00,0.000000E+00,0.000000E+00,0.000000E+00,0.000000E+00,2.499916E+01,4.314082E+01,0.000000E+00,4.960669E+03,0.000000E+00,4.418802E-01,0.000000E+00,0.000000E+00,0.000000E+00,0.000000E+00,0.000000E+00,0.000000E+00,0.000000E+00,0.000000E+00,0.000000E+00,0.000000E+00,2.499924E+01,4.314520E+01
17:00:00,0.000000E+00,1.890538E+04,0.000000E+00,1.684061E+00,0.000000E+00,0.000000E+00,0.000000E+00,0.000000E+00,0.000000E+00,0.000000E+00,0.000000E+00,0.000000E+00,0.000000E+00,0.000000E+00,2.499904E+01,4.320875E+01,0.000000E+00,1.792171E+04,0.000000E+00,1.596364E+00,0.000000E+00,0.000000E+00,0.000000E+00,0.000000E+00,0.000000E+00,0.000000E+00,0.000000E+00,0.000000E+00,0.000000E+00,0.000000E+00,2.499954E+01,4.306581E+01,0.000000E+00,9.298002E+03,0.000000E+00,8.282230E-01,0.000000E+00,0.000000E+00,0.000000E+00,0.000000E+00,0.000000E+00,0.000000E+00,0.000000E+00,0.000000E+00,0.000000E+00,0.000000E+00,2.499941E+01,4.311109E+01,0.000000E+00,4.572769E+03,0.000000E+00,4.073137E-01,0.000000E+00,0.000000E+00,0.000000E+00,0.000000E+00,0.000000E+00,0.000000E+00,0.000000E+00,0.000000E+00,0.000000E+00,0.000000E+00,2.499961E+01,4.310243E+01,0.000000E+00,1.825950E+04,0.000000E+00,1.626508E+00,0.000000E+00,0.000000E+00,0.000000E+00,0.000000E+00,0.000000E+00,0.000000E+00,0.000000E+00,0.000000E+00,0.000000E+00,0.000000E+00,2.499917E+01,4.314081E+01,0.000000E+00,4.966026E+03,0.000000E+00,4.423573E-01,0.000000E+00,0.000000E+00,0.000000E+00,0.000000E+00,0.000000E+00,0.000000E+00,0.000000E+00,0.000000E+00,0.000000E+00,0.000000E+00,2.499924E+01,4.314513E+01
17:30:00,0.000000E+00,1.893226E+04,0.000000E+00,1.686455E+00,0.000000E+00,0.000000E+00,0.000000E+00,0.000000E+00,0.000000E+00,0.000000E+00,0.000000E+00,0.000000E+00,0.000000E+00,0.000000E+00,2.499904E+01,4.320858E+01,0.000000E+00,1.792444E+04,0.000000E+00,1.596606E+00,0.000000E+00,0.000000E+00,0.000000E+00,0.000000E+00,0.000000E+00,0.000000E+00,0.000000E+00,0.000000E+00,0.000000E+00,0.000000E+00,2.499955E+01,4.306580E+01,0.000000E+00,9.301189E+03,0.000000E+00,8.285068E-01,0.000000E+00,0.000000E+00,0.000000E+00,0.000000E+00,0.000000E+00,0.000000E+00,0.000000E+00,0.000000E+00,0.000000E+00,0.000000E+00,2.499941E+01,4.311109E+01,0.000000E+00,4.580709E+03,0.000000E+00,4.080210E-01,0.000000E+00,0.000000E+00,0.000000E+00,0.000000E+00,0.000000E+00,0.000000E+00,0.000000E+00,0.000000E+00,0.000000E+00,0.000000E+00,2.499961E+01,4.310236E+01,0.000000E+00,1.826510E+04,0.000000E+00,1.627006E+00,0.000000E+00,0.000000E+00,0.000000E+00,0.000000E+00,0.000000E+00,0.000000E+00,0.000000E+00,0.000000E+00,0.000000E+00,0.000000E+00,2.499917E+01,4.314083E+01,0.000000E+00,4.970182E+03,0.000000E+00,4.427274E-01,0.000000E+00,0.000000E+00,0.000000E+00,0.000000E+00,0.000000E+00,0.000000E+00,0.000000E+00,0.000000E+00,0.000000E+00,0.000000E+00,2.499924E+01,4.314508E+01
18:00:00,0.000000E+00,1.894946E+04,0.000000E+00,1.687986E+00,0.000000E+00,0.000000E+00,0.000000E+00,0.000000E+00,0.000000E+00,0.000000E+00,0.000000E+00,0.000000E+00,0.000000E+00,0.000000E+00,2.499904E+01,4.320854E+01,0.000000E+00,1.792650E+04,0.000000E+00,1.596789E+00,0.000000E+00,0.000000E+00,0.000000E+00,0.000000E+00,0.000000E+00,0.000000E+00,0.000000E+00,0.000000E+00,0.000000E+00,0.000000E+00,2.499955E+01,4.306579E+01,0.000000E+00,9.303451E+03,0.000000E+00,8.287082E-01,0.000000E+00,0.000000E+00,0.000000E+00,0.000000E+00,0.000000E+00,0.000000E+00,0.000000E+00,0.000000E+00,0.000000E+00,0.000000E+00,2.499941E+01,4.311111E+01,0.000000E+00,4.587834E+03,0.000000E+00,4.086556E-01,0.000000E+00,0.000000E+00,0.000000E+00,0.000000E+00,0.000000E+00,0.000000E+00,0.000000E+00,0.000000E+00,0.000000E+00,0.000000E+00,2.499961E+01,4.310230E+01,0.000000E+00,1.826620E+04,0.000000E+00,1.627104E+00,0.000000E+00,0.000000E+00,0.000000E+00,0.000000E+00,0.000000E+00,0.000000E+00,0.000000E+00,0.000000E+00,0.000000E+00,0.000000E+00,2.499917E+01,4.314090E+01,0.000000E+00,4.973129E+03,0.000000E+00,4.429899E-01,0.000000E+00,0.000000E+00,0.000000E+00,0.000000E+00,0.000000E+00,0.000000E+00,0.000000E+00,0.000000E+00,0.000000E+00,0.000000E+00,2.499925E+01,4.314508E+01
18:30:00,0.000000E+00,1.895767E+04,0.000000E+00,1.688718E+00,0.000000E+00,0.000000E+00,0.000000E+00,0.000000E+00,0.000000E+00,0.000000E+00,0.000000E+00,0.000000E+00,0.000000E+00,0.000000E+00,2.499904E+01,4.320857E+01,0.000000E+00,1.792914E+04,0.000000E+00,1.597024E+00,0.000000E+00,0.000000E+00,0.000000E+00,0.000000E+00,0.000000E+00,0.000000E+00,0.000000E+00,0.000000E+00,0.000000E+00,0.000000E+00,2.499956E+01,4.306579E+01,0.000000E+00,9.306632E+03,0.000000E+00,8.289916E-01,0.000000E+00,0.000000E+00,0.000000E+00,0.000000E+00,0.000000E+00,0.000000E+00,0.000000E+00,0.000000E+00,0.000000E+00,0.000000E+00,2.499941E+01,4.311114E+01,0.000000E+00,4.593971E+03,0.000000E+00,4.092023E-01,0.000000E+00,0.000000E+00,0.000000E+00,0.000000E+00,0.000000E+00,0.000000E+00,0.000000E+00,0.000000E+00,0.000000E+00,0.000000E+00,2.499961E+01,4.310225E+01,0.000000E+00,1.826427E+04,0.000000E+00,1.626932E+00,0.000000E+00,0.000000E+00,0.000000E+00,0.000000E+00,0.000000E+00,0.000000E+00,0.000000E+00,0.000000E+00,0.000000E+00,0.000000E+00,2.499917E+01,4.314100E+01,0.000000E+00,4.974765E+03,0.000000E+00,4.431356E-01,0.000000E+00,0.000000E+00,0.000000E+00,0.000000E+00,0.000000E+00,0.000000E+00,0.000000E+00,0.000000E+00,0.000000E+00,0.000000E+00,2.499925E+01,4.314509E+01
19:00:00,0.000000E+00,1.895325E+04,0.000000E+00,1.688323E+00,0.000000E+00,0.000000E+00,0.000000E+00,0.000000E+00,0.000000E+00,0.000000E+00,0.000000E+00,0.000000E+00,0.000000E+00,0.000000E+00,2.499904E+01,4.320875E+01,0.000000E+00,1.793155E+04,0.000000E+00,1.597238E+00,0.000000E+00,0.000000E+00,0.000000E+00,0.000000E+00,0.000000E+00,0.000000E+00,0.000000E+00,0.000000E+00,0.000000E+00,0.000000E+00,2.499956E+01,4.306580E+01,0.000000E+00,9.309506E+03,0.000000E+00,8.292476E-01,0.000000E+00,0.000000E+00,0.000000E+00,0.000000E+00,0.000000E+00,0.000000E+00,0.000000E+00,0.000000E+00,0.000000E+00,0.000000E+00,2.499941E+01,4.311118E+01,0.000000E+00,4.598893E+03,0.000000E+00,4.096406E-01,0.000000E+00,0.000000E+00,0.000000E+00,0.000000E+00,0.000000E+00,0.000000E+00,0.000000E+00,0.000000E+00,0.000000E+00,0.000000E+00,2.499961E+01,4.310223E+01,0.000000E+00,1.825850E+04,0.000000E+00,1.626418E+00,0.000000E+00,0.000000E+00,0.000000E+00,0.000000E+00,0.000000E+00,0.000000E+00,0.000000E+00,0.000000E+00,0.000000E+00,0.000000E+00,2.499917E+01,4.314115E+01,0.000000E+00,4.975076E+03,0.000000E+00,4.431632E-01,0.000000E+00,0.000000E+00,0.000000E+00,0.000000E+00,0.000000E+00,0.000000E+00,0.000000E+00,0.000000E+00,0.000000E+00,0.000000E+00,2.499925E+01,4.314517E+01
19:30:00,0.000000E+00,1.893593E+04,0.000000E+00,1.686781E+00,0.000000E+00,0.000000E+00,0.000000E+00,0.000000E+00,0.000000E+00,0.000000E+00,0.000000E+00,0.000000E+00,0.000000E+00,0.000000E+00,2.499904E+01,4.320907E+01,0.000000E+00,1.793095E+04,0.000000E+00,1.597184E+00,0.000000E+00,0.000000E+00,0.000000E+00,0.000000E+00,0.000000E+00,0.000000E+00,0.000000E+00,0.000000E+00,0.000000E+00,0.000000E+00,2.499956E+01,4.306581E+01,0.000000E+00,9.307940E+03,0.000000E+00,8.291080E-01,0.000000E+00,0.000000E+00,0.000000E+00,0.000000E+00,0.000000E+00,0.000000E+00,0.000000E+00,0.000000E+00,0.000000E+00,0.000000E+00,2.499941E+01,4.311123E+01,0.000000E+00,4.602588E+03,0.000000E+00,4.099696E-01,0.000000E+00,0.000000E+00,0.000000E+00,0.000000E+00,0.000000E+00,0.000000E+00,0.000000E+00,0.000000E+00,0.000000E+00,0.000000E+00,2.499961E+01,4.310223E+01,0.000000E+00,1.824753E+04,0.000000E+00,1.625441E+00,0.000000E+00,0.000000E+00,0.000000E+00,0.000000E+00,0.000000E+00,0.000000E+00,0.000000E+00,0.000000E+00,0.000000E+00,0.000000E+00,2.499917E+01,4.314133E+01,0.000000E+00,4.974330E+03,0.000000E+00,4.430968E-01,0.000000E+00,0.000000E+00,0.000000E+00,0.000000E+00,0.000000E+00,0.000000E+00,0.000000E+00,0.000000E+00,0.000000E+00,0.000000E+00,2.499925E+01,4.314527E+01
20:00:00,0.000000E+00,1.891200E+04,0.000000E+00,1.684649E+00,0.000000E+00,0.000000E+00,0.000000E+00,0.000000E+00,0.000000E+00,0.000000E+00,0.000000E+00,0.000000E+00,0.000000E+00,0.000000E+00,2.499904E+01,4.320945E+01,0.000000E+00,1.792431E+04,0.000000E+00,1.596592E+00,0.000000E+00,0.000000E+00,0.000000E+00,0.000000E+00,0.000000E+00,0.000000E+00,0.000000E+00,0.000000E+00,0.000000E+00,0.000000E+00,2.499957E+01,4.306582E+01,0.000000E+00,9.297313E+03,0.000000E+00,8.281614E-01,0.000000E+00,0.000000E+00,0.000000E+00,0.000000E+00,0.000000E+00,0.000000E+00,0.000000E+00,0.000000E+00,0.000000E+00,0.000000E+00,2.499941E+01,4.311131E+01,0.000000E+00,4.604924E+03,0.000000E+00,4.101776E-01,0.000000E+00,0.000000E+00,0.000000E+00,0.000000E+00,0.000000E+00,0.000000E+00,0.000000E+00,0.000000E+00,0.000000E+00,0.000000E+00,2.499962E+01,4.310223E+01,0.000000E+00,1.823106E+04,0.000000E+00,1.623974E+00,0.000000E+00,0.000000E+00,0.000000E+00,0.000000E+00,0.000000E+00,0.000000E+00,0.000000E+00,0.000000E+00,0.000000E+00,0.000000E+00,2.499917E+01,4.314150E+01,0.000000E+00,4.972514E+03,0.000000E+00,4.429350E-01,0.000000E+00,0.000000E+00,0.000000E+00,0.000000E+00,0.000000E+00,0.000000E+00,0.000000E+00,0.000000E+00,0.000000E+00,0.000000E+00,2.499925E+01,4.314537E+01
20:30:00,0.000000E+00,1.888780E+04,0.000000E+00,1.682494E+00,0.000000E+00,0.000000E+00,0.000000E+00,0.000000E+00,0.000000E+00,0.000000E+00,0.000000E+00,0.000000E+00,0.000000E+00,0.000000E+00,2.499904E+01,4.320984E+01,0.000000E+00,1.791245E+04,0.000000E+00,1.595535E+00,0.000000E+00,0.000000E+00,0.000000E+00,0.000000E+00,0.000000E+00,0.000000E+00,0.000000E+00,0.000000E+00,0.000000E+00,0.000000E+00,2.499957E+01,4.306584E+01,0.000000E+00,9.278843E+03,0.000000E+00,8.265162E-01,0.000000E+00,0.000000E+00,0.000000E+00,0.000000E+00,0.000000E+00,0.000000E+00,0.000000E+00,0.000000E+00,0.000000E+00,0.000000E+00,2.499941E+01,4.311146E+01,0.000000E+00,4.605792E+03,0.000000E+00,4.102549E-01,0.000000E+00,0.000000E+00,0.000000E+00,0.000000E+00,0.000000E+00,0.000000E+00,0.000000E+00,0.000000E+00,0.000000E+00,0.000000E+00,2.499962E+01,4.310224E+01,0.000000E+00,1.821157E+04,0.000000E+00,1.622238E+00,0.000000E+00,0.000000E+00,0.000000E+00,0.000000E+00,0.000000E+00,0.000000E+00,0.000000E+00,0.000000E+00,0.000000E+00,0.000000E+00,2.499917E+01,4.314170E+01,0.000000E+00,4.969546E+03,0.000000E+00,4.426706E-01,0.000000E+00,0.000000E+00,0.000000E+00,0.000000E+00,0.000000E+00,0.000000E+00,0.000000E+00,0.000000E+00,0.000000E+00,0.000000E+00,2.499925E+01,4.314549E+01
21:00:00,0.000000E+00,1.886139E+04,0.000000E+00,1.680141E+00,0.000000E+00,0.000000E+00,0.000000E+00,0.000000E+00,0.000000E+00,0.000000E+00,0.000000E+00,0.000000E+00,0.000000E+00,0.000000E+00,2.499904E+01,4.321020E+01,0.000000E+00,1.790104E+04,0.000000E+00,1.594518E+00,0.000000E+00,0.000000E+00,0.000000E+00,0.000000E+00,0.000000E+00,0.000000E+00,0.000000E+00,0.000000E+00,0.000000E+00,0.000000E+00,2.499957E+01,4.306586E+01,0.000000E+00,9.261103E+03,0.000000E+00,8.249360E-01,0.000000E+00,0.000000E+00,0.000000E+00,0.000000E+00,0.000000E+00,0.000000E+00,0.000000E+00,0.000000E+00,0.000000E+00,0.000000E+00,2.499941E+01,4.311165E+01,0.000000E+00,4.605198E+03,0.000000E+00,4.102019E-01,0.000000E+00,0.000000E+00,0.000000E+00,0.000000E+00,0.000000E+00,0.000000E+00,0.000000E+00,0.000000E+00,0.000000E+00,0.000000E+00,2.499962E+01,4.310227E+01,0.000000E+00,1.818983E+04,0.000000E+00,1.620301E+00,0.000000E+00,0.000000E+00,0.000000E+00,0.000000E+00,0.000000E+00,0.000000E+00,0.000000E+00,0.000000E+00,0.000000E+00,0.000000E+00,2.499917E+01,4.314189E+01,0.000000E+00,4.965443E+03,0.000000E+00,4.423051E-01,0.000000E+00,0.000000E+00,0.000000E+00,0.000000E+00,0.000000E+00,0.000000E+00,0.000000E+00,0.000000E+00,0.000000E+00,0.000000E+00,2.499925E+01,4.314562E+01
21:30:00,0.000000E+00,1.882813E+04,0.000000E+00,1.677179E+00,0.000000E+00,0.000000E+00,0.000000E+00,0.000000E+00,0.000000E+00,0.000000E+00,0.000000E+00,0.000000E+00,0.000000E+00,0.000000E+00,2.499904E+01,4.321059E+01,0.000000E+00,1.789250E+04,0.000000E+00,1.593757E+00,0.000000E+00,0.000000E+00,0.000000E+00,0.000000E+00,0.000000E+00,0.000000E+00,0.000000E+00,0.000000E+00,0.000000E+00,0.000000E+00,2.499957E+01,4.306588E+01,0.000000E+00,9.247840E+03,0.000000E+00,8.237546E-01,0.000000E+00,0.000000E+00,0.000000E+00,0.000000E+00,0.000000E+00,0.000000E+00,0.000000E+00,0.000000E+00,0.000000E+00,0.000000E+00,2.499941E+01,4.311180E+01,0.000000E+00,4.603200E+03,0.000000E+00,4.100239E-01,0.000000E+00,0.000000E+00,0.000000E+00,0.000000E+00,0.000000E+00,0.000000E+00,0.000000E+00,0.000000E+00,0.000000E+00,0.000000E+00,2.499962E+01,4.310232E+01,0.000000E+00,1.816443E+04,0.000000E+00,1.618039E+00,0.000000E+00,0.000000E+00,0.000000E+00,0.000000E+00,0.000000E+00,0.000000E+00,0.000000E+00,0.000000E+00,0.000000E+00,0.000000E+00,2.499917E+01,4.314210E+01,0.000000E+00,4.960158E+03,0.000000E+00,4.418344E-01,0.000000E+00,0.000000E+00,0.000000E+00,0.000000E+00,0.000000E+00,0.000000E+00,0.000000E+00,0.000000E+00,0.000000E+00,0.000000E+00,2.499925E+01,4.314577E+01
22:00:00,0.000000E+00,1.878708E+04,0.000000E+00,1.673523E+00,0.000000E+00,0.000000E+00,0.000000E+00,0.000000E+00,0.000000E+00,0.000000E+00,0.000000E+00,0.000000E+00,0.000000E+00,0.000000E+00,2.499903E+01,4.321105E+01,0.000000E+00,1.788470E+04,0.000000E+00,1.593062E+00,0.000000E+00,0.000000E+00,0.000000E+00,0.000000E+00,0.000000E+00,0.000000E+00,0.000000E+00,0.000000E+00,0.000000E+00,0.000000E+00,2.499957E+01,4.306590E+01,0.000000E+00,9.235936E+03,0.000000E+00,8.226944E-01,0.000000E+00,0.000000E+00,0.000000E+00,0.000000E+00,0.000000E+00,0.000000E+00,0.000000E+00,0.000000E+00,0.000000E+00,0.000000E+00,2.499941E+01,4.311192E+01,0.000000E+00,4.599895E+03,0.000000E+00,4.097295E-01,0.000000E+00,0.000000E+00,0.000000E+00,0.000000E+00,0.000000E+00,0.000000E+00,0.000000E+00,0.000000E+00,0.000000E+00,0.000000E+00,2.499962E+01,4.310238E+01,0.000000E+00,1.813526E+04,0.000000E+00,1.615441E+00,0.000000E+00,0.000000E+00,0.000000E+00,0.000000E+00,0.000000E+00,0.000000E+00,0.000000E+00,0.000000E+00,0.000000E+00,0.000000E+00,2.499916E+01,4.314233E+01,0.000000E+00,4.953658E+03,0.000000E+00,4.412554E-01,0.000000E+00,0.000000E+00,0.000000E+00,0.000000E+00,0.000000E+00,0.000000E+00,0.000000E+00,0.000000E+00,0.000000E+00,0.000000E+00,2.499925E+01,4.314595E+01
22:30:00,0.000000E+00,1.887836E+04,0.000000E+00,1.681654E+00,0.000000E+00,0.000000E+00,0.000000E+00,0.000000E+00,0.000000E+00,0.000000E+00,0.000000E+00,0.000000E+00,0.000000E+00,0.000000E+00,2.499903E+01,4.321157E+01,0.000000E+00,1.789728E+04,0.000000E+00,1.594183E+00,0.000000E+00,0.000000E+00,0.000000E+00,0.000000E+00,0.000000E+00,0.000000E+00,0.000000E+00,0.000000E+00,0.000000E+00,0.000000E+00,2.499957E+01,4.306591E+01,0.000000E+00,9.259909E+03,0.000000E+00,8.248298E-01,0.000000E+00,0.000000E+00,0.000000E+00,0.000000E+00,0.000000E+00,0.000000E+00,0.000000E+00,0.000000E+00,0.000000E+00,0.000000E+00,2.499941E+01,4.311205E+01,0.000000E+00,4.610852E+03,0.000000E+00,4.107055E-01,0.000000E+00,0.000000E+00,0.000000E+00,0.000000E+00,0.000000E+00,0.000000E+00,0.000000E+00,0.000000E+00,0.000000E+00,0.000000E+00,2.499962E+01,4.310246E+01,0.000000E+00,1.818061E+04,0.000000E+00,1.619480E+00,0.000000E+00,0.000000E+00,0.000000E+00,0.000000E+00,0.000000E+00,0.000000E+00,0.000000E+00,0.000000E+00,0.000000E+00,0.000000E+00,2.499916E+01,4.314258E+01,0.000000E+00,4.975420E+03,0.000000E+00,4.431939E-01,0.000000E+00,0.000000E+00,0.000000E+00,0.000000E+00,0.000000E+00,0.000000E+00,0.000000E+00,0.000000E+00,0.000000E+00,0.000000E+00,2.499925E+01,4.314615E+01
23:00:00,0.000000E+00,1.896096E+04,0.000000E+00,1.689012E+00,0.000000E+00,0.000000E+00,0.000000E+00,0.000000E+00,0.000000E+00,0.000000E+00,0.000000E+00,0.000000E+00,0.000000E+00,0.000000E+00,2.499903E+01,4.358535E+01,0.000000E+00,1.790911E+04,0.000000E+00,1.595237E+00,0.000000E+00,0.000000E+00,0.000000E+00,0.000000E+00,0.000000E+00,0.000000E+00,0.000000E+00,0.000000E+00,0.000000E+00,0.000000E+00,2.499958E+01,4.312118E+01,0.000000E+00,9.282772E+03,0.000000E+00,8.268664E-01,0.000000E+00,0.000000E+00,0.000000E+00,0.000000E+00,0.000000E+00,0.000000E+00,0.000000E+00,0.000000E+00,0.000000E+00,0.000000E+00,2.499941E+01,4.328213E+01,0.000000E+00,4.620593E+03,0.000000E+00,4.115730E-01,0.000000E+00,0.000000E+00,0.000000E+00,0.000000E+00,0.000000E+00,0.000000E+00,0.000000E+00,0.000000E+00,0.000000E+00,0.000000E+00,2.499962E+01,4.324180E+01,0.000000E+00,1.822175E+04,0.000000E+00,1.623145E+00,0.000000E+00,0.000000E+00,0.000000E+00,0.000000E+00,0.000000E+00,0.000000E+00,0.000000E+00,0.000000E+00,0.000000E+00,0.000000E+00,2.499917E+01,4.338714E+01,0.000000E+00,4.995646E+03,0.000000E+00,4.449956E-01,0.000000E+00,0.000000E+00,0.000000E+00,0.000000E+00,0.000000E+00,0.000000E+00,0.000000E+00,0.000000E+00,0.000000E+00,0.000000E+00,2.499925E+01,4.339981E+01
23:30:00,0.000000E+00,1.889737E+04,0.000000E+00,1.683415E+00,0.000000E+00,0.000000E+00,0.000000E+00,0.000000E+00,0.000000E+00,0.000000E+00,0.000000E+00,0.000000E+00,0.000000E+00,0.000000E+00,2.499815E+01,4.371368E+01,0.000000E+00,1.789957E+04,0.000000E+00,1.594400E+00,0.000000E+00,0.000000E+00,0.000000E+00,0.000000E+00,0.000000E+00,0.000000E+00,0.000000E+00,0.000000E+00,0.000000E+00,0.000000E+00,2.499939E+01,4.312483E+01,0.000000E+00,9.268423E+03,0.000000E+00,8.256057E-01,0.000000E+00,0.000000E+00,0.000000E+00,0.000000E+00,0.000000E+00,0.000000E+00,0.000000E+00,0.000000E+00,0.000000E+00,0.000000E+00,2.499894E+01,4.331335E+01,0.000000E+00,4.614103E+03,0.000000E+00,4.110015E-01,0.000000E+00,0.000000E+00,0.000000E+00,0.000000E+00,0.000000E+00,0.000000E+00,0.000000E+00,0.000000E+00,0.000000E+00,0.000000E+00,2.499927E+01,4.327773E+01,0.000000E+00,1.818188E+04,0.000000E+00,1.619642E+00,0.000000E+00,0.000000E+00,0.000000E+00,0.000000E+00,0.000000E+00,0.000000E+00,0.000000E+00,0.000000E+00,0.000000E+00,0.000000E+00,2.499850E+01,4.343697E+01,0.000000E+00,4.985147E+03,0.000000E+00,4.440736E-01,0.000000E+00,0.000000E+00,0.000000E+00,0.000000E+00,0.000000E+00,0.000000E+00,0.000000E+00,0.000000E+00,0.000000E+00,0.000000E+00,2.499859E+01,4.344854E+01
24:00:00,0.000000E+00,1.883212E+04,0.000000E+00,1.677734E+00,0.000000E+00,0.000000E+00,0.000000E+00,0.000000E+00,0.000000E+00,0.000000E+00,0.000000E+00,0.000000E+00,0.000000E+00,0.000000E+00,2.499732E+01,4.369762E+01,0.000000E+00,1.788976E+04,0.000000E+00,1.593551E+00,0.000000E+00,0.000000E+00,0.000000E+00,0.000000E+00,0.000000E+00,0.000000E+00,0.000000E+00,0.000000E+00,0.000000E+00,0.000000E+00,2.499922E+01,4.312396E+01,0.000000E+00,9.253805E+03,0.000000E+00,8.243366E-01,0.000000E+00,0.000000E+00,0.000000E+00,0.000000E+00,0.000000E+00,0.000000E+00,0.000000E+00,0.000000E+00,0.000000E+00,0.000000E+00,2.499853E+01,4.330528E+01,0.000000E+00,4.607439E+03,0.000000E+00,4.104203E-01,0.000000E+00,0.000000E+00,0.000000E+00,0.000000E+00,0.000000E+00,0.000000E+00,0.000000E+00,0.000000E+00,0.000000E+00,0.000000E+00,2.499896E+01,4.327025E+01,0.000000E+00,1.814153E+04,0.000000E+00,1.616141E+00,0.000000E+00,0.000000E+00,0.000000E+00,0.000000E+00,0.000000E+00,0.000000E+00,0.000000E+00,0.000000E+00,0.000000E+00,0.000000E+00,2.499791E+01,4.342509E+01,0.000000E+00,4.974174E+03,0.000000E+00,4.431205E-01,0.000000E+00,0.000000E+00,0.000000E+00,0.000000E+00,0.000000E+00,0.000000E+00,0.000000E+00,0.000000E+00,0.000000E+00,0.000000E+00,2.499804E+01,4.343630E+01
Peak,0.000000E+00,1.896096E+04,0.000000E+00,1.689012E+00,0.000000E+00,0.000000E+00,0.000000E+00,0.000000E+00,0.000000E+00,0.000000E+00,0.000000E+00,0.000000E+00,,,,,0.000000E+00,1.793155E+04,0.000000E+00,1.597238E+00,0.000000E+00,0.000000E+00,0.000000E+00,0.000000E+00,0.000000E+00,0.000000E+00,0.000000E+00,0.000000E+00,,,,,0.000000E+00,9.309506E+03,0.000000E+00,8.292476E-01,0.000000E+00,0.000000E+00,0.000000E+00,0.000000E+00,0.000000E+00,0.000000E+00,0.000000E+00,0.000000E+00,,,,,0.000000E+00,4.620593E+03,0.000000E+00,4.115730E-01,0.000000E+00,0.000000E+00,0.000000E+00,0.000000E+00,0.000000E+00,0.000000E+00,0.000000E+00,0.000000E+00,,,,,0.000000E+00,1.826620E+04,0.000000E+00,1.627104E+00,0.000000E+00,0.000000E+00,0.000000E+00,0.000000E+00,0.000000E+00,0.000000E+00,0.000000E+00,0.000000E+00,,,,,0.000000E+00,4.995646E+03,0.000000E+00,4.449956E-01,0.000000E+00,0.000000E+00,0.000000E+00,0.000000E+00,0.000000E+00,0.000000E+00,0.000000E+00,0.000000E+00,,,,

Peak Vol Flow (m3/s),,,0.000000E+00,1.417535E+00,,,0.000000E+00,0.000000E+00,,,,,,,,,,,0.000000E+00,1.340512E+00,,,0.000000E+00,0.000000E+00,,,,,,,,,,,0.000000E+00,6.959615E-01,,,0.000000E+00,0.000000E+00,,,,,,,,,,,0.000000E+00,3.454204E-01,,,0.000000E+00,0.000000E+00,,,,,,,,,,,0.000000E+00,1.365577E+00,,,0.000000E+00,0.000000E+00,,,,,,,,,,,0.000000E+00,3.734708E-01,,,0.000000E+00,0.000000E+00,,,,,,,,
